variant,n_seeds,kcbs_anchor_sum_mean,kcbs_anchor_sum_sd,kcbs_anchor_excess_over_2_mean,kcbs_anchor_excess_over_2_sd,kcbs_event_rate_mean_mean,kcbs_event_rate_mean_sd,kcbs_event_rate_sd_mean,kcbs_event_rate_sd_sd,single_marginal_drift_mean,single_marginal_drift_sd,pm_parity_accuracy_mean,pm_parity_accuracy_sd,pm_parity_error_mean,pm_parity_error_sd,kcbs_sum_gap_vs_full_mean,pm_accuracy_gap_vs_full_mean
full_membrane_anchor,5,2.27265625,0.047483036,0.27265625,0.047483036,0.45453125,0.009496607,0.023866625,0.011867325,0.011440947,0.000141099,0.859765625,0.009783837,0.140234375,0.009783837,,
additive_boundary_anchor,5,1.6328125,0.071942903,-0.3671875,0.071942903,0.3265625,0.014388581,0.027728512,0.009602791,0.011505337,0.000205467,0.616015625,0.009936867,0.383984375,0.009936867,0.63984375,0.24375
same_marginals_replay,5,1.534375,0.088298533,-0.465625,0.088298533,0.306875,0.017659707,0.027486625,0.009800404,0.011670582,0.000220275,0.611328125,0.010855034,0.388671875,0.010855034,0.73828125,0.2484375
shuffled_context_anchor,5,2.040625,0.052209483,0.040625,0.052209483,0.408125,0.010441897,0.026820711,0.008305392,0.011540255,0.00025999,0.664713542,0.011253797,0.335286458,0.011253797,0.23203125,0.195052083
noncontextual_hidden_state_fit,5,1.746875,0.063919429,-0.253125,0.063919429,0.349375,0.012783886,0.021585006,0.005471483,0.011646561,0.000105801,0.640885417,0.010454034,0.359114583,0.010454034,0.52578125,0.218880208
strong_classical_anchor_baseline,5,1.8640625,0.014699131,-0.1359375,0.014699131,0.3728125,0.002939826,0.025777985,0.006407956,0.01143627,0.00014725,0.701953125,0.00311957,0.298046875,0.00311957,0.40859375,0.1578125
