variant,n_seeds,kcbs_witness_sum_mean,kcbs_witness_sum_sd,kcbs_excess_over_bound_mean,kcbs_excess_over_bound_sd,kcbs_event_rate_mean_mean,kcbs_event_rate_mean_sd,kcbs_no_disturbance_max_abs_mean,kcbs_no_disturbance_max_abs_sd,pm_parity_accuracy_mean,pm_parity_accuracy_sd,pm_excess_over_bound_mean,pm_excess_over_bound_sd,pm_no_disturbance_max_abs_mean,pm_no_disturbance_max_abs_sd
full_witness_table_anchor,5,2.256568549,0.045799057,0.256568549,0.045799057,0.45131371,0.009159811,0.0,0.0,0.921974446,0.00752752,0.088641112,0.00752752,0.0,0.0
additive_boundary_table,5,1.601132037,0.014617279,-0.398867963,0.014617279,0.320226407,0.002923456,0.0,0.0,0.628229114,0.01611918,-0.20510422,0.01611918,0.0,0.0
same_marginals_independent_table,5,1.241136885,0.002703268,-0.758863115,0.002703268,0.248227377,0.000540653,0.0,0.0,0.608851602,0.007020806,-0.224481732,0.007020806,0.0,0.0
shuffled_context_table,5,1.986193805,0.013204443,-0.013806195,0.013204443,0.397238761,0.002640889,0.0,0.0,0.696225106,0.01424895,-0.137108227,0.014248951,0.0,0.0
noncontextual_hidden_assignment_fit,5,1.735531896,0.014540756,-0.264468104,0.014540756,0.347106379,0.002908151,0.052681778745,0.000664160777,0.804391588,0.00532769,-0.028941745,0.00532769,0.0,0.0
strong_classical_table_baseline,5,1.873890389,0.016545018,-0.126109611,0.016545018,0.374778078,0.003309004,0.0,0.0,0.813065892,0.004255802,-0.020267441,0.004255803,0.0,0.0
