arm,n_seed,mean_resource_attributable_W,mean_diag_resource_attributable_W,mean_W_loss_to_structure,mean_coherence,mean_negativity,positive_W_loss_seed_count,mean_corr_coherence_vs_W_loss,max_residual
quantum_keep_structure,60,15.857557760304891,15.857557760304891,0.0,2.465686443684029,0.006566442772400271,0,0.0,5.551115123125783e-15
dephase_after_internal_25,60,12.383500038182232,12.383500038182232,0.0,0.8989479101764238,0.00022362830105171038,0,0.0,6.661338147750939e-15
dephase_after_internal_50,60,9.765228511987988,9.765228511987988,0.0,0.3257224788559006,9.310851464666764e-06,0,0.0,8.881784197001252e-15
dephase_after_internal_75,60,8.282828078075028,8.282828078075028,0.0,0.07526216972037313,0.0,0,0.0,9.769962616701378e-15
full_dephase_after_internal,60,7.810684026686331,7.810684026686331,0.0,0.0,0.0,0,0.0,1.0436096431476471e-14
classical_same_graph_transport,60,25.91958524905652,25.91958524905652,0.0,0.0,0.0,0,0.0,5.306866057708248e-14
no_internal_links,60,-1.8539857149502127e-18,-1.8539857149502127e-18,0.0,0.21252463897366555,5.064731500405547e-19,0,0.0,4.263256414560601e-14
