arm,n_seed,mean_W_resource,mean_W_no_resource,mean_resource_attributable_W,min_resource_attributable_W,mean_link_negativity,mean_link_MI,mean_l1_coherence,max_residual
quantum_direct,60,17.280221245134918,1.4226634848300281,15.857557760304891,15.478118149275854,0.0017411744415471372,0.0646431592782389,1.6690117217015765,5.551115123125783e-15
quantum_no_internal_links,60,0.5026069728918788,0.5026069728918788,-1.8539857149502127e-18,-2.220446049250313e-16,3.3639524828173637e-20,1.6328718543870034e-14,0.17297173396217586,4.263256414560601e-14
quantum_dephased,60,9.062752954420692,1.2520689277343604,7.810684026686331,7.569766798629153,0.0,0.007819174289249881,1.2582527612418442e-18,1.0436096431476471e-14
classical_probability_transport,60,27.497050030053288,1.5774647809967695,25.91958524905652,25.426951348370277,0.0,0.00321293742503148,-2.9328391567181216e-18,5.306866057708248e-14
central_upper_quantum,60,39.91762063572391,1.4936184628621754,38.424002172861734,37.84280339137396,0.0002142987560878725,0.016487605875244355,1.058644502001373,7.105427357601002e-15
